{
    "Robot" : 
        {
            "name" : "Assembler",
            "IP" : "192.168.0.11"
        },
        
    "Positions" : {
        "default" : [0,0,0,0,0,0],    
        "point 2" : [0.23387956619262695, -1.5342958730510254, 2.473448101674215, -2.5129839382567347, -1.5563948790179651, -0.5692856947528284],
        "above point 2" : [0.23365163803100586, -1.7454449139037074, 2.3616660276996058, -2.189974447289938, -1.5569222609149378, -0.568615738545553]        
    },
    "Gripper" : {
        "name" : "Hand",
        "IP" : "192.168.29.128",
        "force" : 100,
        "speed" : 100
    },

    "Speeds" : {
        "very slow" : {
            "speed": 0.1,
            "acceleration" : 0.15
        },
        "slow" : {
            "speed": 0.3,
            "acceleration" : 0.25
        },
        "moderate" : {
            "speed": 0.5,
            "acceleration" : 0.5
        },
        "fast" : {
            "speed": 0.8,
            "acceleration" : 1.4
        },
        "very fast" : {
            "speed": 1.6,
            "acceleration" : 1.8
        }
    }
}